job,gpu,start_s,dur_s
0,0,0.0,0.8
1,1,0.0,0.8
2,2,0.0,0.8
3,3,0.0,0.8
0,0,0.8,0.8
1,1,0.8,0.8
2,2,0.8,0.8
3,3,0.8,0.8
0,0,1.6,0.8
1,1,1.6,0.8
2,2,1.6,0.8
3,3,1.6,0.8
6,4,1.6,0.8
7,5,1.6,0.8
0,0,2.4000000000000004,0.8
1,1,2.4000000000000004,0.8
2,2,2.4000000000000004,0.8
3,3,2.4000000000000004,0.8
6,4,2.4000000000000004,0.8
7,5,2.4000000000000004,0.8
0,0,3.2,0.8
1,1,3.2,0.8
2,2,3.2,0.8
3,3,3.2,0.8
6,4,3.2,0.8
7,5,3.2,0.8
6,0,4.0,0.8
7,1,4.0,0.8
