slot_size,solve_time
0.2,5.055103063583374
0.4,4.728137969970703
0.6,4.768842935562134
0.8,4.56177282333374
1.0,4.5243079662323
