slot_size,solve_time
0.2,4.534692049026489
0.4,4.626333951950073
0.6,5.063761949539185
0.8,4.926706075668335
1.0,4.888206958770752
