slot_size,solve_time
0.2,4.9153969287872314
0.4,4.702464818954468
0.6,4.545621871948242
0.8,4.676180124282837
1.0,4.662929058074951
